request.type,request.query,request.language,request.unit
City,"Coimbatore, India",en,m
City,"Coimbatore, India",en,m
City,"Coimbatore, India",en,m
City,"Coimbatore, India",en,m
City,"Coimbatore, India",en,m
City,"Coimbatore, India",en,m
City,"Coimbatore, India",en,m
City,"Coimbatore, India",en,m
City,"Coimbatore, India",en,m
City,"Coimbatore, India",en,m
City,"Coimbatore, India",en,m
City,"Coimbatore, India",en,m
City,"Coimbatore, India",en,m
City,"Coimbatore, India",en,m
City,"Coimbatore, India",en,m
City,"Coimbatore, India",en,m
City,"Coimbatore, India",en,m
City,"Bangalore, India",en,m
City,"Bangalore, India",en,m
